No,Id,Name,Text,Task type,Faction,Reward money,Reward item
1,"val_recover_item_1","Вернуть 8-кратный прицел","Был тут недавно один тип, у него на стволе была отличная оптика, такой в Зоне не достать. Как я его не уламывал, продавать её он не захотел. А потом ушел с нашим патрулем в сторону Кордона. Патруль тот так и не вернулся, я так думаю и сталкер этот где-то недалеко от патруля остался. Принеси мне ту оптику, я её Чехову как подарок подгоню, может он меня комендантом назначит.","additional","freedom","2500","repair_outfit_box:skill_book_hpsa"
2,"gar_recover_item_1","Вернуть «Чейзер-13»","Тут такой расклад приключился: один наш браток... как там его... отловил фраерка из диггеров и, шутки ради, решил ему устроить прогулку промеж аномалий. То, что грави обоих смяла - это ясно, но там же и мой Чейзер остался, который браток на это дело у меня взял. Если бы он опять у меня оказался - это был бы жирок.","additional","bandit","800","ammo_12x76_quadro:ammo_12x76_quadro:ammo_12x76_quadro"
3,"esc_recover_item_3","Вернуть «счастливый» детектор","Наёмник, помоги мне. Понимаешь, тут такое дело, я недавно себе новый детектор купил, помощнее моего старого, и на радостях свой старый детектор зашвырнул в аномалию подальше. Но этот новый детектор невезучий какой-то, уже третью неделю ни одного артефаткта найти не могу, хоть ты тресни. Я так думаю новый детектор это хорошо, но верни мне мой старый, а с меня награда, как полагается.","additional","stalker","850","{~50} wpn_silencer_9x18"
4,"mar_recover_item_2","Вернуть АКМ-74/2у","Несколько дней назад было совершено нападение на наших бойцов, когда они покупали у военных партию оружия. Большинство стволов пропало, однако лучший образец удалось припрятать. Нужно добыть его.","additional","csky","{~20} 1000,{~50} 750,500","ammo_5.45x39_ap"
5,"mar_recover_item_4","Вернуть КПК","Во время ночной разведки пропал один из наших лучших следопытов. Нужно по крайней мере найти его КПК, чтобы не пропала собранная информация.","additional","csky","{~20} 1500,{~50} 1000,750","ammo_9x19_spp"
6,"esc_additional_quest_6b","Вернуть КПК","Вернуть найденный КПК сержанту Овечко","additional","","","medkit_army:ananas:repair_arms_box:skill_book_beretta"
7,"agr_recover_item_2","Вернуть КПК с секретной информацией","Наёмник, меня на свалке ограбили бандиты, забрали все, что было: деньги, оружие, патроны и все медикаменты. Но самое главное то, что со всем этим забрали мой КПК с информацией о расположении групп бандитов на Свалке. Если я не принесу Крылову эти данные, он меня в порошок сотрёт. Помоги вернуть КПК.","additional","dolg","2000","{~30} wpn_groza"
8,"mar_recover_item_1","Вернуть ПМм","Во время ночной вылазки наш отряд угодил в логово кабанов. Бойцов спасти уже вряд ли удастся... Но командир отряда был вооружен модифицированным ПМм, а такое оружие ещё может послужить. Нужно его вернуть.","additional","csky","{~20} 1000,{~50} 750,500","medkit_army"
9,"val_recover_item_3","Вернуть гитару Серёги","Прикинь, тут у Серёги украли гитару! Он у нас единственный кто играет хорошо, да не просто хорошо, а так что слушать можно. Это не три аккорда, на которые тут все горазды. Мы, конечно, вора определили, но он сволочь гитару спрятал. Будь другом принеси гитару, а то Серёга на чужой гитаре играть отказывается.","additional","freedom","500","wpn_addon_scope_susat"
10,"yan_recover_item_2","Вернуть гранату-сувенир","Наемник, мне нужна одна вещь... Я потерял один сувенир, выглядит как граната.. но это не граната... то есть граната, но учебная... В общем, верни мне ее... Я, когда по территории завода лазил, там так долбануло... в мозгах все перемешалось, я чуть не забыл, кто я... Пришел в себя только здесь, а граната наверняка там осталась, верни мне ее.","additional","stalker","1500","ammo_5.45x39_hr:ammo_5.45x39_hr:ammo_5.45x39_hr"
11,"esc_stalker_enemy","Вернуть доверие сталкеров","Отношения с группировкой сталкеров испорчены. Необходимо вернуть доверие сталкеров с помощью Сидоровича.","storyline","","",""
12,"agr_recover_item_1","Вернуть дробовик долговцу","Есть такое дело, мы зачищали территорию от монстров и встретили здоровенную тварь. Бой длился не меньше часа, патроны были на исходе, а тварь всё ещё не думала дохнуть. Я дал команду отходить, а сам остался, чтобы задержать монстра, пока ребята отбегут на безопасное расстояние, отстрелял оставшиеся патроны и швырнул дробовик прямо ему в башку, так эта тварюка стала колбасить ствол, а на меня ноль внимания. Принеси мне мой дробовик, все-таки это оружие спасло мне жизнь.","additional","dolg","1000","wpn_pm_9x19"
13,"agr_recover_item_3","Вернуть кейс долговца","Наёмник, когда в подземелье начали появляться монстры, нам пришлось оставить свои позиции и отступить. Но там остался мой кейс, в котором лежат ценные для меня вещи: оружие, патроны, медикаменты, детектор. Всё это пришлось отставить, тогда нужно было быстро отходить, не до этого было, надо было спасать себя. Помоги достать кейс.","additional","dolg","2250","wpn_silencer_5.45x39:repair_arms_box:medkit_elite:skill_book_grom"
14,"mar_recover_item_5","Вернуть комбинезон","Недавно мы потеряли островок на Болотах, где проводили эксперименты с пропитыванием одежды всякими составами. Надо вернуть последний образец куртки, чтоб Каланча смог полностью оценить результаты эксперимента.","additional","csky","{~20} 1500,{~50} 1000,750","{~50} af_medusa"
15,"gar_recover_item_4","Вернуть куртку новичка","Пришёл к нам с Кордона недавно один паренёк, знаешь, из таких зелёных и жутко надоедливых. Он тут всем уши насквозь прожужжал про то, что его крутую куртку аномалии вообще не берут. Говорят, даже когда попал в лапы к бандитам, и то рот закрыть не мог, пока они его в грави не загнали. В общем, паренёк был прав, царство ему небесное, куртке - хоть бы хны. Думаю, я бы ей нашёл применение, если бы ты смог её вернуть.","additional","stalker","750","wild_drink:wild_drink"
16,"gar_quest_redemption","Вернуть свои вещи","Вернуть вещи, отобранные бандитами в подвале возле барахолки.","additional","","",""
17,"val_recover_item_2","Вернуть флешку с фильмом","Будь другом, помоги флешку вернуть. Недавно сидел я в нашем баре, с Ганжой новый фильм смотрели, у него там ноут имеется. Так нас комендант застукал, как разорался, чего, мол, не на посту, хотел ноут раздолбать, но ноут мы не дали, а вот флешку с фильмами он, сволочь, забрал и за забор кинул, туда, где радиация. Верни флешку, а Ганжа тебе награду определит.","additional","freedom","1500",""
18,"esc_bring_habar","Вернуть хабар торговцу","Необходимо вернуть кейс с хабаром торговцу","storyline","","",""
19,"red_recover_item_3","Вернуть экспериментальное устройство","Можешь вернуть одну вещь? Мы для ученых, проводили испытания одного прототипа, - это такой приборчик, с его помощью можно замерять мощность аномалий, но пока от него мало толку, нас два дня учили только тому, как показания снимать. Когда мы проводили замеры, в старой шахте, там что-то произошло, что-то напало на нас... в нас со всех сторон полетели предметы... выбраться наверх успел только я. Прибор остался у ребят внизу, их зашвырнуло в аномалии, и эта штука, которая на нас напала, наверняка всё еще там. Так что достать его теперь не просто, но если достанешь, то награду получишь хорошую.","additional","","3500","dolg_outfit"
20,"val_bandit_spy_return","Вернуться за наградой","Вы обнаружили и уничтожили отряд бандитов в здании заброшенной заправки. Осталось только рассказать об этом бармену.","additional","","",""
21,"lim_electro_fence_actor_come_back","Вернуться к командиру отряда","Необходимо вернуться к командиру отряда","storyline","","",""
22,"mar_tutorial_return_to_base","Вернуться на базу «Чистого неба»","Добраться до укрытия на базе «Чистого неба» до того, как грянет выброс","storyline","","",""
23,"val_take_pda","Взять КПК Коменданта","Подельники убили Коменданта после того, как на него была объявлена охота. На КПК Коменданта может содержаться важная информация о тех, с кем он сотрудничал.","storyline","","",""
24,"mar_story_talk_with_trader","Взять снаряжение у торговца","Получить комплект снаряжения у торговца","storyline","","",""
25,"gar_quest_get_old_pda","Взять старый КПК в лагере Свежака","Взять у Свежака в его лагере старый КПК для Дикого Напра. Если Свежака не будет на месте, взять КПК под ложным дном ящика с инструментами.","additional","","",""
26,"gar_quest_get_old_pda_box","Взять старый КПК в ящике с инструментами","Взять в лагере Свежака старый КПК для Дикого Напра. КПК должен находится под ложным дном ящика с инструментами.","additional","","",""
27,"mil_hires","Встретится с наёмниками в деревне","В заброшенной деревне находится отряд наёмников, которые разыскивают свой отряд, во время Большого выброса пропавший где-то под Лиманском. Наёмники могут дать более точную инфомрацию о месте, где самые оптимальные условия для радиопередачи. Необходимо встретится с этими людьми в деревне.","storyline","","",""
28,"mil_talk_2_fr_com","Встретится с отрядом «Свободы»","«Свобода» готовит атаку на базу военных для того, чтобы выбить их и организовать на военных складах собственную базу. Необходимо помочь отряду «Свободы» атаковать военных.","storyline","","",""
29,"yan_quest_levsha","Встретится с отрядом Левши","Группа сталкеров готовится пробиваться на территорию комплекса во время спада уровня пси-излучения. Нужно встретится с командиром группы - Левшой.","storyline","","",""
30,"mil_contact_with_clear_sky_commander","Встретиться с Лебедевым","Группа наёмников смогла выбраться из пространственного пузыря и движется в сторону моста у Лиманска. Передовой отряд «Чистого неба» уже там. Необходимо двигаться в сторону Рыжего леса и встретится с Лебедевым.","storyline","","",""
31,"gar_quest_meet_with_digger_fighters","Встретиться с группой диггеров","Встретиться с группой диггеров, чтобы повести их в атаку на концлагерь бандитов","additional","","",""
32,"esc_talk2_leader","Встретиться с лидером сталкеров","Встретиться с лидером сталкеров","storyline","","",""
33,"esc_reach_stalker_base","Встретиться со сталкерами за насыпью","Поговорить с командиром сталкеров Валерьяном. Именно он может знать подробности о хабаре, который ищет Сидорович.","storyline","","",""
34,"mil_actor_attack_house","Выбить военных из здания штаба","Отряд военных закрепился в здании штаба. Необходимо уничтожить их.","storyline","","",""
35,"stc_kill_gunslinger","Вывести из строя пси-защиту Стрелка","Уровень пси-излучения на станции зашкаливает, но Стрелок защищён от него прототипом. Если вывести из строя это устройство, Стрелка можно будет остановить. Электронику прототипа можно вывести из строя на расстоянии при помощи электромагнитного ружья.","storyline","","",""
36,"agru_go_out_end_task","Выйти из подземелья","Выбраться из подземелья","storyline","","",""
37,"mar_story_talk_with_commander_2","Выяснить у Лебедева, что произошло","Расспросить Лебедева о том, что произошло после второго выброса","storyline","","",""
38,"hosp_task_z2_exit","Двигаться в следующий зал","Взрыв от падающего вертолёта обвалил перекрытия и открыл проход в следующий зал. Необходимо двигаться дальше.","additional","","",""
39,"yan_main_quest_line","Держать позицию!","Держать позицию!","storyline","","",""
40,"hosp_task_sniper_back_rush_3","Добраться до моста","Необходимо добраться до моста. Двигаться по команде командира отряда «Чистого неба», когда те отвлекут огонь на себя.","additional","","",""
41,"agr_go_to_hole","Добраться до норы","Солдаты «Долга» заделали все входы-выходы подземки. Единственный шанс проникнуть внутрь - через норы мутантов, сквозь которые те вылезаюь на поверхность. Необходимо добраться до норы.","storyline","","",""
42,"gar_story_chase_pda_signal","Догнать Клыка","Догнать Клыка, следуя за сигналом его КПК","storyline","","",""
43,"mar_story_talk_with_commander_3","Договориться с Лебедевым о взаимопомощи","Договориться с Лебедевым о помощи при выходе с Болот","storyline","","","{-mar_tutorial_help_done -mar_tutorial_tower_top_done} flesh_up_a_novice_outfit"
44,"esc_dopros","Допросить командира военных","Допросить Халецкого и выяснить, где спрятан кейс с хабаром, который так необходим Сидоровичу","storyline","","",""
45,"val_deliver_pda","Доставить КПК Чехову","На КПК Коменданта осталось много информации, которая поможет «Свободе» разобраться, кто на них нападет и как попадает в Тёмную долину. Доставить КПК лидеру «Свободы».","storyline","","",""
46,"val_deliver_ammo","Доставить боеприпасы на форпост","Доставить боеприпасы на форпост","storyline","","",""
47,"mar_recover_item_3","Достать артефакт","Отряд «Чистого неба» поймал сигнал SOS от одного из сталкеров. Тот сообщал, что нашел редкий артефакт, однако не знает, как выбраться из аномалии, в которой очутился.. Отряд не успел прийти на помощь - сигнал вскоре пропал. Необходимо добыть артефакт.","additional","csky","{~20} 1500,{~50} 1150,900","bandit_outfit,wpn_silencer_9x18"
48,"mil_additional_quest_5","Забрать артефакт в деревне","Эта проклятая деревня, в которой кровососы возникают словно из-под земли. Почти никто не решается заходить туда, однако это место очень привлекательно для экстремалов: говорят, там живут самые жестокие и безжалостные кровососы во всей Зоне. Легенда гласит, что если их убить, то в одном из заброшенных домов можно будет забрать артефакт, равного которому нет в Зоне.","additional","","","wpn_g36:ammo_5.56x45_ap:ammo_5.56x45_ap:wpn_addon_grenade_launcher_m203"
49,"mil_additional_quest_4","Забрать артефакт у мётрвого сталкера","Один из наших сталкеров смог пробраться через болото с аномалиями, однако не смог вернуться. Принесёшь артефакт - получишь награду.","additional","stalker","4000",""
50,"gar_quest_get_traitor_pda","Забрать вещи с трупа Авоськи","Обыскать труп Авоськи и забрать всё, что представляет интерес","additional","","",""
51,"mil_additional_quest_1","Забрать груз военных у вертолёта","Неподалёку находится разбитый патрульный вертолёт военных. Ценные боеприпасы и оружие уцелели и они очень пригодятся при защите Барьера, где каждый ствол и каждый патрон на счету. К великому сожелению, пробраться туда очень сложно: эту местность контролируют «монолитовцы», к тому же оснащённых противорадиоционными костюмами, которых у нас нет.","additional","","2000",""
52,"gar_quest_captive_reward","Забрать добычу из тайника","Забрать добычу из старого тайника диггеров, освобождённых из концлагеря бандитов.","additional","","",""
53,"esc_additional_quest_4c","Забрать награду","Забрать награду у Волка","additional","","1500","wpn_abakan_up2"
54,"agr_additional_quest_7b","Забрать награду","Забрать награду у Платонова","additional","","","stalker_outfit_up_stalk:skill_book_colt1911"
55,"gar_quest_bandit_reward","Забрать награду у Зуба","Получить у барыги Зуба награду за зачистку Барахолки.","additional","","",""
56,"esc_take_weapon","Забрать оружие","Забрать оружие","additional","","",""
57,"gar_quest_bandit_secret","Забрать ствол из тайника в аномалии","Забрать из тайника в аномалии ствол, о котором говорил Йога.","additional","","",""
58,"esc_take_habar_1","Забрать хабар","Забрать хабар","storyline","","",""
59,"esc_take_habar_2","Забрать хабар","Забрать хабар","storyline","","",""
60,"esc_take_habar_3","Забрать хабар","Забрать хабар","storyline","","",""
61,"gar_quest_destroy_flea_market","Занять Барахолку вместе с бандитами","Устроить показательную расправу над диггерами на Барахолке и проследить, чтобы кто-нибудь из бандитов остался там в качестве охраны.","additional","","",""
62,"red_bridge_go_to_positon","Занять огневую позицию","Занять огневую позицию на втором этаже КПП. Это прекрасная огневая точка для обстрела бандитов.","storyline","","",""
63,"agru_leader_dolg_task","Затопить подземелья","В подземелье находится старя насосная установка для откачивания грунтовых вод. Необходимо найти пульт управление установкой и активировать сброс воды из резервуаров: это приведет к затоплению подземелий.","storyline","","",""
64,"sim_capture_smart","Захватить","Необходимо захватить и удержать под своим контролем указанный объект","","","600",""
65,"sim_capture_smart_csky","Захватить","Необходимо захватить и удержать под своим контролем указанный объект","","csky","{~50} 600,350","{~50} grenade_rgd5:ammo_9x18_pmm,medkit:bandage"
66,"sim_capture_smart_stalker","Захватить","Необходимо захватить и удержать под своим контролем указанный объект","","stalker","{~50} 900,650","{~50} grenade_rgd5:ammo_9x19_pbp:ammo_9x19_pbp,medkit:bandage"
67,"sim_capture_smart_bandit","Захватить","Необходимо захватить и удержать под своим контролем указанный объект","","bandit","{~50} 1750,1250","{~50} grenade_rgd5:ammo_11.43x23_hydro:ammo_11.43x23_hydro,medkit:bandage:bandage:bandage:bandage"
68,"sim_capture_smart_freedom","Захватить","Необходимо захватить и удержать под своим контролем указанный объект","","freedom","{~50} 2250,1750","{~50} ammo_5.56x45_ap:ammo_m209:ammo_m209:ammo_m209,medkit:medkit:bandage:bandage:bandage"
69,"sim_capture_smart_dolg","Захватить","Необходимо захватить и удержать под своим контролем указанный объект","","dolg","{~50} 2750,2250","{~50} ammo_9x39_ap:ammo_vog-25:ammo_vog-25:ammo_vog-25,medkit_army:medkit_army"
70,"val_capture_smart_7_8","Захватить антенны","Захватить и удержать антенны для сканирования поверхности земли","additional","","",""
71,"val_capture_smart_4_0","Захватить антенны","Захватить и удержать антенны для сканирования поверхности земли","additional","","",""
72,"mar_story_capture_levelchangers","Захватить подходы к тропам","Обезопасить тропы на Кордон и Агропром, захватив позиции возле них","storyline","","1500","medkit:ammo_5.45x39_ap:ammo_5.45x39_ap:flesh_up_bd_mp5"
73,"red_stalker_reinforced","Захватить старую шахту","Захватить старую шахту. В этом районе высокий уровень аномальной активности и множество редких артефактов.","additional","","3000",""
74,"mar_story_capture_bandit_base","Захватить ферму","Захватить ферму на северо-востоке Болот, выбив оттуда бандитов","storyline","","2500","{-mar_story_capture_bandit_base_reward} cs_light_outfit %+mar_story_capture_bandit_base_reward%,antirad,wpn_silencer_9x18"
75,"mil_defend_barrier","Защитить Барьер","Барьер снова атакован. Необходимо помочь сталкерам удержать его.","additional","","1000",""
76,"agr_defend_duty_base_1","Защитить базу «Долга»","База «Долга» атакована! Если поможешь отразить атаку, получишь вознаграждение.","additional","","1000",""
77,"esc_defend_stalkers_base","Защитить базу сталкеров","Защитить базу сталкеров от нападения","additional","","2000","ammo_12x70_buck:ammo_12x70_buck:ammo_5.45x39_fmj:ammo_5.45x39_fmj"
78,"sim_defend_smart","Защитить лагерь","На отряд напал противник. Необходимо помочь им отразить нападение.","","","750",""
79,"sim_defend_smart_csky","Защитить лагерь","На отряд напал противник. Необходимо помочь им отразить нападение.","","csky","{~50} 750,500","{~50} grenade_rgd5:ammo_9x19_pbp:ammo_9x19_pbp,medkit:antirad"
80,"sim_defend_smart_stalker","Защитить лагерь","На отряд напал противник. Необходимо помочь им отразить нападение.","","stalker","{~50} 1000,750","{~50} grenade_rgd5:ammo_12x76_dart:ammo_12x76_dart:ammo_12x76_dart:ammo_12x76_dart:ammo_12x76_dart,medkit:antirad"
81,"sim_defend_smart_bandit","Защитить лагерь","На отряд напал противник. Необходимо помочь им отразить нападение.","","bandit","{~50} 2000,1500","{~50} grenade_rgd5:grenade_rgd5:ammo_12x76_dart:ammo_12x76_dart:ammo_12x76_dart:ammo_12x76_dart:ammo_12x76_dart:ammo_12x76_dart,medkit:antirad"
82,"sim_defend_smart_freedom","Защитить лагерь","На отряд напал противник. Необходимо помочь им отразить нападение.","","freedom","{~50} 2500,2000","{~50} grenade_f1:ammo_7.62x54_7h1,medkit:medkit:antirad"
83,"sim_defend_smart_dolg","Защитить лагерь","На отряд напал противник. Необходимо помочь им отразить нападение.","","dolg","{~50} 3000,2500","{~50} grenade_f1:ammo_pkm_100,medkit_army:medkit_army:antirad"
84,"yan_actor_go_base_defence","Защитить лагерь","На отряд напал противник. Необходимо помочь им отразить нападение.","additional","stalker","",""
85,"esc_defend_stalkers_bus_station","Защитить патруль","Защитить патруль сталкеров в районе автобусной остановки","additional","","1000","ammo_9x18_fmj:ammo_9x18_fmj:ammo_5.45x39_fmj:ammo_5.45x39_fmj:wpn_addon_grenade_launcher:skill_book_ak78u"
86,"red_artefact_huntesr_defend_smart","Защищать сталкеров в аномальной зоне","Защищать сталкеров в аномальной зоне","additional","","","af_cristall_flower"
87,"yan_actor_go_to_red_forest","Идти в Рыжий лес","Работа охлаждающей установки стабилизирована, уровень пси-излучения минимален. Проход к Рыжему лесу безопасен. Необходимо двигаться в сторону Рыжего леса - именно туда направляется Стрелок.","storyline","","",""
88,"red_go_to_military_base","Идти на базу военных","На базе военных есть мощный передатчик, который позволит передать сообщение группе, застрявшей в пространственном пузыре под Лиманском. Необходимо идти на военные склады","storyline","","",""
89,"red_go_to_signal_sos","Идти на сигнал SOS","Дорога к Леснику через Рыжый лес точно не известна. Из Рыжего леса слышен сигнал SOS. Прийти на помощь.","storyline","","",""
90,"esc_additional_quest_6a","Найти КПК","Найти КПК с ценной информацией у военного, погибшего в аномалии","additional","","",""
91,"agr_additional_quest_5a","Найти КПК","Найти КПК","additional","","",""
92,"mil_additional_quest_2","Найти КПК","Отряд сталкеров ночью неожиданно был окружен стаей голодных псов. Не выжил никто. Командир отряда также погиб, а при нём была крайне важная информация. Нужно найти труп комадира и забрать КПК с ценной информацией.","additional","","3000",""
93,"yan_quest_doc","Найти КПК с документами","Группа сталкеров нашла на территории комплекса важные документы, которые могут помочь Сахарову выяснить причину появления мощного пси-излучения на Янтаре. Сигнал группы пропал на выходе с территории комплекса. Необходимо найти КПК с документами.","storyline","","",""
94,"gar_story_chase_pda_signal_cellar","Найти Клыка","Найти Клыка в подвале, следуя за сигналом его КПК","storyline","","",""
95,"val_pursuit_comendant","Найти Коменданта","Найти Коменданта","storyline","","",""
96,"val_find_pda","Найти активный КПК","КПК одного из погибших «свободовцев» все ещё активна. Необходимо найти его: возможно, на нём есть ценная информация.","storyline","","",""
97,"red_find_compass","Найти артефакт «Компас»","В пространственной аномалии, очень похожей на пространственный пузырь, в который попали наёмники, Лесник нашёл уникальный артефакт. На обратном пути его ограбили бандиты и артефакт отобрали. Необходимо найти и вернуть «Компас».","storyline","","",""
98,"val_come_to_freedom_base","Найти базу «Свободы»","По информации диггеров, Клык направился за недостающими деталями в Тёмную долину. Необходимо найти базу «Свободы» и расспросить там о Клыке.","storyline","","",""
99,"lim_electro_fence_find_transformator","Найти генератор","Путь к снайперу преграждён заграждениями под высоким напряжением. В городе давно нет электричества, следовательно ограждения запитываются от автономного источника электроэнергии. Провода от ограждений ведут в здание института справа. Необходимо обнаружить генератор и отключить его.","storyline","","",""
100,"hosp_enter_to_katacomb","Найти дорогу к ЧАЭС","Путь к ЧАЭС лежит через разрушенный госпиталь. Нужно спешить: если Стрелок прошел Выжигатель, он уже очень близок к станции. Необходимо найти вход в катакомбы.","storyline","","",""
101,"val_night_bloodsucker","Найти друга техника","Найти друга техника","additional","","",""
102,"esc_find_flesh_up_ac_ak74u","Найти информацию о балансировке автоматики","Фургону - технику сталкеров у Кордона - необходима информация о балансировке автоматики.","additional","","",""
103,"agr_find_flesh_up_ab_pkm","Найти информацию о балансировке автоматики пулемёта","Техник Громов ищет способ увеличить скорострельность пулемёта путём новой балансировки его механизма. За информацию о ней он готов хорошо заплатить.","additional","","",""
104,"mar_find_flesh_up_ac_mp5","Найти информацию о дульном тормозе","Новиков хочет смастерить специальный дульный тормоз, но знает о принципе их работы слишком мало. Нужно найти для него соответствующую информацию.","additional","","",""
105,"agr_find_flesh_up_ac_desert_eagle","Найти информацию о дульном тормозе для пистолета","Техник сталкеров на Агропроме ищет информацию о дульном тормозе для мощных пистолетов.","additional","","",""
106,"agr_find_flesh_up_cd_pkm","Найти информацию о дульном тормозе для пулемёта","Техник «Долга» работает над усовершенствованным дульным тормозом для пулемёта, но ему не хватает технической информации по этому вопросу.","additional","","",""
107,"val_find_flesh_up_cd_svu","Найти информацию о дульном тормозе для снайперских винтовок","Технику «Свободы» Яру нужна информация об устройстве дульного тормоза для мощных снайперских винтовок - тогда он сможет делать такие же.","additional","","",""
108,"gar_find_flesh_up_fh_scientific_outfit","Найти информацию о замкнутой системе дыхания","Техник с базы бандитов - Прозрачный - способен сделать почти любую модификацию, но для установки на костюм системы дыхания замкнутого цикла ему нужна дополнительная информация.","additional","","",""
109,"mar_find_flesh_up_a_novice_outfit","Найти информацию о кевлавровых бронежилетах","Для улучшения брони Новикову нужна информация о кевлавровых бронежилетах.","additional","","",""
110,"agr_find_flesh_up_abcd_pkm","Найти информацию о модификации газоотвода пулемёта","Громову не хватает совсем немногого для того, чтобы довести характеристики пулемёта до совершенства: немного свободного времени и некоторых технических даннных по газоотводам.","additional","","",""
111,"mar_find_flesh_up_bd_mp5","Найти информацию о модификации ствола","Новиков может сделать насадку на ствол, которая улучшит баллистические характеристики оружия, но у него не хватает данных.","additional","","",""
112,"agr_find_flesh_up_bd_desert_eagle","Найти информацию о модификации ствола для пистолетов","Технику сталкеров не хватает опыта чтобы модифицировать ствол мощного пистолета. Он готов заплатить за нужную информацию.","additional","","",""
113,"agr_find_flesh_up_ac_spas12","Найти информацию о помповых механизмах для боевых дробовиков","Техник сталкеров на Агропроме ищет информацию о помповых механизмах боевых дробовиков.","additional","","",""
114,"esc_find_flesh_up_ac_wincheaster1300","Найти информацию о помповых механизмах для дробовиков","При наличии информации о помповом механизме техник сталкеров сможет значительно увеличить боевой темп стрельбы дробовика.","additional","","",""
115,"val_find_flesh_up_ab_svu","Найти информацию о стволах для снайперских винтовок","Техник группировки «Свобода» - Яр - специалист по точному оружию. Сейчас он ищет информацию о стволах для снайперских винтовок.","additional","","",""
116,"esc_find_flesh_up_bd_wincheaster1300","Найти информацию о электронной стабилизации","Техник сталкеров может собрать устройство, которое увеличит точность боя помпового дробовика, однако ему не хватает технической информации.","additional","","",""
117,"gar_find_flesh_up_aceg_scientific_outfit","Найти информацию об усиленном бронежилете","Нужно принести Прозрачному бутылку и информацию об усиленных армейских бронежилетах, тогда он сможет создать нечто похожее.","additional","","",""
118,"gar_find_flesh_up_bdfh_scientific_outfit","Найти информацию об экранировании костюма","Удивительно, однако Прозрачный никогда не слышал о пси-воздействии. Но если достать для него нужную информацию, он сможет собрать и установить на костюм систему защиты от подобного излучения.","additional","","",""
119,"val_find_flesh_up_abcd_svu","Найти информацию об электронном стабилизаторе для снайперских винтовок","Техник «Свободы» Яр хорошо заплатит за информацию об устройстве электронной стабилизации для снайперских винтовок.","additional","","",""
120,"agr_additional_quest_6a","Найти карту миграции","Найти карту миграции редких монстров Зоны","additional","","",""
121,"lim_find_bridge_squad_comander","Найти командира отряда","Найти командира отряда","additional","","",""
122,"gar_recover_item_2","Найти модифицированное оружие","О! Братан, можешь помочь. Недавно сидели мы у Прозрачного, а он тогда для типа одного ствол клёвый делал - волына то шо надо, все навороты и всё такое. Тока типок тот с паханом нашим чего-то не поделили, и Йога сказал сделать так, чтоб этого фраера долго искали и не нашли. Ну, мы его без лишнего шума в аномалии загнали. Тока вот волына его при нем и осталась. Вот принесешь мне ствол этот, я с Зубом договорюсь, он тебе бабосов нормально отвалит.","additional","bandit","1500","ammo_5.45x39_hm"
123,"agr_additional_quest_3","Найти пропавшего сталкера","Найти пропавшего сталкера","additional","","2000",""
124,"red_find_teleport_2","Найти пространственную аномалию","На КПК погибшей группы были заметки о пути через Рыжий лес. В глубине этого леса находится пространственная аномалия, ведущая к старому каперу на окраине леса. Именно там живёт Лесник. Необходимо обнаружить пространственную аномалию.","storyline","","",""
125,"red_find_teleport","Найти проход в аномальную зону","На КПК погибшей группы были заметки о пути через Рыжий лес. В глубине этого леса находится пространственная аномалия, которая ведет к старому каперу на опушке. Именно там и живёт Лесник. Необходимо найти проход к аномалии.","storyline","","",""
126,"lim_find_way_through_construction","Найти путь через строительную площадку","Окраины Лиманска уже совсем близко. Путь к ним лежит через недостроенный комплекс. Необходимо найти дорогу через стройплощадку.","additional","","",""
127,"agr_no_task","Найти тайник группы сталкеров","На КПК Клыка оказались координаты тайника группы сталкеров, которые побывали в центре Зоны и спровацирововали катаклизм. Это важная зацепка: там может оказатся очень ценная информация. Необходимо найти КПК в тайнике.","storyline","","",""
128,"agru_find_secret_task","Найти тайник группы сталкеров","В подземельях НИИ «Агропром» находится тайник группы сталкеров, которые побывали в центре Зоны. Похоже, через него они обмениваются информацией. Необходимо найти тайник и КПК с этой перепиской","storyline","","",""
129,"stc_follow_to_teleport_1","Найти телепорт, ведущий на теплотрассу","Пространство вокруг станции пронизано телепортами. Чтобы вести огонь по Стрелку, необходимо вернуться на теплотрассу. Найти телепорт, который ведёт обратно к теплотрассе.","additional","","",""
130,"stc_follow_to_teleport_2","Найти телепорт, ведущий на теплотрассу","Пространство вокруг станции пронизано телепортами. Чтобы вести огонь по Стрелку, необходимо вернуться на теплотрассу. Найти телепорт, который ведёт обратно к теплотрассе.","additional","","",""
131,"agr_additional_quest_1","Найти хабар погибшего сталкера","Найти хабар погибшего сталкера","additional","","2000",""
132,"mil_additional_quest_3","Найти хабар пропавшего сталкера","Один из наших снайперов был убит аномалией. Теперь где-то там лежат патроны для снайперской винтовки, которые для нас на вес золота. Если сможешь вернуть их, получишь ценную награду.","additional","freedom","2000",""
133,"yan_actor_destroy_wave2","Не подпускать зомби к сталкерам в ангаре.","Необходимо прикрывать сталкеров в ангаре, пока они работают с клапаном установки. Нельзя подпускать зомби к этой ремонтной команде.","storyline","","",""
134,"yan_actor_destroy_wave1","Не подпускать зомби к сталкерам на крыше.","Необходимо прикрывать сталкеров на крыше, пока они работают с клапаном установки. Нельзя подпускать зомби к этой ремонтной команде.","storyline","","",""
135,"gar_story_search_digger_bodies","Обыскать тело диггера","Обыскать тело диггера в поисках информации о Клыке","storyline","","",""
136,"red_bridge_wait_for_allyes","Ожидать прихода отряда сталкеров","Ожидать прихода отряда сталкеров","storyline","","",""
137,"red_pursuit_strelok_task","Остановить Стрелка","Стрелок скрылся в тоннеле. Необходимо догнать Стрелка и остановить его продвижение к центру Зоны.","storyline","","",""
138,"red_pursuit_talk_csky","Остановить Стрелка","Стрелок скрылся в тоннеле. Необходимо догнать Стрелка и остановить его продвижение к центру Зоны.","storyline","","",""
139,"val_reply_to_sos","Ответить на сигнал SOS","Помочь отразить нападение","additional","","",""
140,"lim_electro_fence","Отключить генератор","Электроустановка найдена. Необходимо отключить генератор и обесточить заграждения.","storyline","","",""
141,"yan_otnesti_doc_saharavy","Отнести документы Сахарову","Отнести документы Сахарову. Возможно, они объяснят причину появления столь сильного пси-излучения на Янтаре.","storyline","","",""
142,"gar_story_go_to_freedom","Отправиться за Клыком в Тёмную долину","Отправиться в Тёмную долину вдогонку за Клыком","storyline","","",""
143,"val_temp_start_quest","Отправиться за Клыком в Тёмную долину","Отправиться в Тёмную долину вдогонку за Клыком","storyline","","",""
144,"mar_story_talk_with_guide","Отправиться к форпосту с проводником","Попросить проводника вывести к форпосту","storyline","","",""
145,"mar_story_go_to_marsh","Отправиться с проводником на Болота","Попросить проводника вывести на Болота","storyline","","",""
146,"mar_story_go_to_escape","Отправиться с проводником на Кордон","Встретиться с проводником и выйти с ним на Кордон","storyline","","",""
147,"red_artefact_hunters_defend_squad","Охранять сталкеров на пути к аномальной зоне","Охранять сталкеров на пути к аномальной зоне","additional","","",""
148,"mil_transfer_coo","Передать координаты","Путь к передатчику свободен. Необходимо подняться на вышку и передать коодинаты, которые дал Лесник, отряду наёмников, застрявшему в пространственном пузыре.","storyline","","",""
149,"hosp_task_sniper_back_rush_4","Перейти через мост","Перейти через мост. Двигаться по команде командира отряда «Чистого неба», когда те отвлекут огонь на себя.","additional","","",""
150,"gar_quest_speak_with_quester","Поговорить с Диким Напром","Узнать у Дикого Напра на Барахолке, какое важное дело у него к тебе есть","additional","","",""
151,"val_come_to_comendant","Поговорить с Комендантом","Расспросить Коменданта о Клыке","storyline","","",""
152,"mar_story_talk_with_commander_1","Поговорить с Лебедевым","Узнать, чего хотел Лебедев","storyline","","",""
153,"red_bridge_talk_with_comander","Поговорить с Лебедевым","Мост опущен и дорога в Лиманск свободна. Необходимо поговорить с Лебедевым.","storyline","","",""
154,"mil_talk_2_forester2","Поговорить с Лесником","Радиосообщение от пропавшей группы наёмников получено и его содержание по радиоканалу КПК получил Лесник. Необходимо вернуться к нему за дальнейшими инструкциями","storyline","","",""
155,"red_find_forester","Поговорить с Лесником","Хижина Лесника, который может подсказать способ попасть в Лиманск, находится в заброшенном капере. Необходимо поговорить с Лесником.","storyline","","",""
156,"yan_actor_go_base_science","Поговорить с Сахаровым","Стрелок ушел к учёным на Янтарь. Необходимо добраться до Янтаря и поговорить с профессором Сахаровым - возможно, тот знает, где искать Стрелка.","storyline","","",""
157,"mar_story_talk_with_sidorovych","Поговорить с Сидоровичем","Расспросить Сидоровича про сталкера, который интересовался странными деталями. Эта единственная зацепка, которая может помочь разобраться, почему Зону так часто стало трясти выбросами.","storyline","","",""
158,"esc_talk2_comm","Поговорить с Халецким","Поговорить с Халецким","storyline","","",""
159,"val_come_to_freedom_blokpost","Поговорить с командиром блокпоста","Поговорить с командиром блокпоста","storyline","","",""
160,"agr_start_quest","Поговорить с командиром блокпоста","Получить информацию о ситуации на Агропроме у командира блокпоста","storyline","","",""
161,"mil_blockpost","Поговорить с командиром блокпоста","Поговорить с командиром блокпоста о ситуации на военных складах","storyline","","",""
162,"agr_fake_talk_to_leader","Поговорить с лидером «Долга»","Поговорить с лидером «Долга». Генерал Крылов может знать, где располагается вход в подземку НИИ «Агропром» (именно там находится тайник группы сталекров, которые побывали в центре Зоны).","storyline","","",""
163,"agr_blokpost_1","Поговорить с лидером «Долга»","Поговорить с лидером «Долга». Генерал Крылов может знать, где располагается вход в подземку НИИ «Агропром» (именно там находится тайник группы сталекров, которые побывали в центре Зоны).","storyline","","",""
164,"esc_talk2_leader_2","Поговорить с лидером сталкеров","Поговорить с лидером сталкеров","storyline","","",""
165,"mil_talk_2_merc_2_task","Поговорить с наёмниками","На базе достаточно военных, чтобы надёжно охранять передатчик. Без посторонней помощи их вряд ли получится выбить с базы, а без этого не получится передать координаты отряду, застрявшему в пространственном пузыре. Нужно ещё раз поговорить с наёмниками в заброшенной деревне.","storyline","","",""
166,"lim_destroy_military_minigun","Подавить пулемётную точку","На противоположной стороне моста в здании закрепился противник. Территория за мостом хорошо простреливается: отряд «Чистого неба» не смог перейти мост. Необходимо пробиться к зданию и подавить огонь противника. Сталкеры «Чистого неба» отвлекут огонь на себя","additional","","",""
167,"red_take_red_forest_map_pda","Поднять КПК","КПК одного из погибших сталкеров всё ещё активен. В нём может содержаться важная информация о Рыжем лесе. Необходимо поднять КПК.","storyline","","",""
168,"gar_story_get_pda","Поднять КПК Клыка","Поднять КПК, который бросил Клык","storyline","","",""
169,"mar_tutorial_tower_top","Подняться на вышку","Подняться на вышку, чтобы укрыться от мутантов","storyline","","","{-mar_tutorial_help_done} flesh_up_a_novice_outfit"
170,"hosp_task_sniper_back_rush_1","Подобраться к снайперу","Зал госпиталя простреливают снайпер и пулемётная точка. Позиция снайпера хорошо защищена. Отряд «Чистого неба» отвлечёт огонь на себя. Необходимо пройти на другую сторону зала, чтобы снять снайпера.","additional","","",""
171,"agru_go_out_task","Покинуть зону затопления","Активирован аварийный сброс воды. Нижние уровни будут затоплены. Необходимо покинуть зону затопления","storyline","","",""
172,"val_go_to_trader","Получить боеприпасы у Ашота","Получить у Ашота боеприпасы для блокпоста «Свободы»","storyline","","",""
173,"gar_story_chase_digger","Получить информацию от диггера-посланника","Узнать у диггера-посланника, куда отправился Клык","storyline","","",""
174,"sim_take_reward","Получить награду","Награда ждёт у торговца группировки","","","",""
175,"sim_take_reward_bandit","Получить награду","Награда ждёт у торговца группировки","","bandit","",""
176,"sim_take_reward_dolg","Получить награду","Награда ждёт у торговца группировки","","dolg","",""
177,"sim_take_reward_freedom","Получить награду","Награда ждёт у торговца группировки","","freedom","",""
178,"sim_take_reward_stalker","Получить награду","Награда ждёт у торговца группировки","","stalker","",""
179,"esc_additional_quest_5c","Получить награду","Получить награду у Волка за спасение сталкера от стаи слепых псов","additional","","{+esc_stalker_novice_hit} 500,750",""
180,"esc_eliminate_smart_military_6_6_reward","Получить награду","Получить награду","additional","","1500",""
181,"test_overlapping_task","Получить награду","Награда ждёт у торговца группировки","storyline","","",""
182,"agr_take_reward","Получить награду у Крылова","Подземка затоплена и атаки мутантов на «Долг» на время прекратятся. Генерал Крылов готов хорошо вознаградить за успешно проведённую операцию. Получить награду у Крылова.","additional","","10000","skill_book_pkm"
183,"red_find_signals_on_military","Получить радиопередачу сообщения","Лесник получает обрывки радиосообщений от неизвестного отряда, который попал в странную аномалию под Лиманском. Возможно, эти ребята знают тайный путь в город. Необходимо отправиться на военные склады и найти место, в котором можно было бы поймать более четкий радиосигнал.","storyline","","",""
184,"val_come_back_comendant_to_revard","Получить указания от Коменданта","Получить указания от Коменданта","storyline","","",""
185,"val_help_freedom","Помочь «Свободе» уничтожить наёмников","Помочь «Свободе» уничтожить наёмников","storyline","","3000","{~40} cev_plastin_1"
186,"red_help_with_bridge","Помочь «Чистому небу» захватить мост","Отряд наёмников уже на подходе к мосту в Лиманск. Выйдут они как раз со стороны позиций бандитов, поэтому скоро у моста будет жарко. Помочь «Чистому небу» опустить мост, ведущий в Лиманск.","storyline","","50000","wpn_fn2000"
187,"lim_electro_fence_cs_soldier_cover","Помочь бойцу подобраться к снайперу","Помогите бойцу «Чистого неба» подобраться к снайперу.","additional","","",""
188,"esc_defend_stalkers_tonnel","Помочь отбиться от атаки","Помочь отбиться от атаки","additional","","1000","ammo_9x18_fmj:ammo_9x18_fmj:ammo_5.45x39_fmj:ammo_5.45x39_fmj"
189,"agr_additional_quest_7a","Помочь сталкерам","Группа сталкеров пробивается через топи к учёным на Янтарь. Помочь сталкерам преодолеть этот путь живыми.","additional","","",""
190,"esc_additional_quest_5a","Помочь сталкеру","Помочь сталкеру отбиться от стаи слепых псов","additional","","",""
191,"mar_tutorial_help","Помочь форпосту","Откликнуться на сигнал SOS с форпоста «Чистого неба»","storyline","","","{-mar_tutorial_tower_top_done} flesh_up_a_novice_outfit:ammo_12x76_zhekan"
192,"mar_story_talk_with_barman","Пообщаться с барменом","Расспросить бармена про базу «Чистого неба»","storyline","","",""
193,"gar_quest_more_reward","Потребовать награду у Йоги","Потребовать у Йоги дополнительную награду за зачистку Барахолки.","additional","","",""
194,"sim_defend_smart_delay","Прийти на помощь","Вокруг данной точки замечен противник. Атака ожидается с минуты на минуту.","","","750",""
195,"sim_defend_smart_delay_csky","Прийти на помощь","Вокруг данной точки замечен противник. Атака ожидается с минуты на минуту.","","csky","{~50} 750,500","{~50} grenade_rgd5:ammo_9x19_pbp:ammo_9x19_pbp,medkit:antirad"
196,"sim_defend_smart_delay_stalker","Прийти на помощь","Вокруг данной точки замечен противник. Атака ожидается с минуты на минуту.","","stalker","{~50} 1000,750","{~50} grenade_rgd5:ammo_12x76_dart:ammo_12x76_dart:ammo_12x76_dart:ammo_12x76_dart:ammo_12x76_dart,medkit:antirad"
197,"sim_defend_smart_delay_bandit","Прийти на помощь","Вокруг данной точки замечен противник. Атака ожидается с минуты на минуту.","","bandit","{~50} 2000,1500","{~50} grenade_rgd5:grenade_rgd5:ammo_12x76_dart:ammo_12x76_dart:ammo_12x76_dart:ammo_12x76_dart:ammo_12x76_dart:ammo_12x76_dart,medkit:antirad"
198,"sim_defend_smart_delay_freedom","Прийти на помощь","Вокруг данной точки замечен противник. Атака ожидается с минуты на минуту.","","freedom","{~50} 2500,2000","{~50} grenade_f1:ammo_7.62x54_7h1,medkit:medkit:antirad"
199,"sim_defend_smart_delay_dolg","Прийти на помощь","Вокруг данной точки замечен противник. Атака ожидается с минуты на минуту.","","dolg","{~50} 3000,2500","{~50} grenade_f1:ammo_pkm_100,medkit_army:medkit_army:antirad"
200,"red_bridge_cover_bridge","Прикрывать наёмника у пульта.","Наёмники уже заняли позиции у пульта управления мостом. Необходимо пркрывать огнём бойца, который попытается опустить мост.","storyline","","",""
201,"red_bridge_cover_allyes","Прикрывать наёмников","Наёмники атакуют бандитов на другом берегу. Необходимо прикрыть наёмников огнём и помочь им закрепится на позициях.","storyline","","",""
202,"hosp_task_z3_help_csky_squad","Прикрыть отряд «Чистого неба»","Отряд «Чистого неба» продвигается вперёд для того, чтобы подорвать пулемётную точку. Необходимо прикрывать его от атак «Монолита».","additional","","",""
203,"yan_recover_item_1","Принести «Аленький цветочек»","Помоги мне, наёмник. Есть в Зоне один артефакт, который мы прозвали «Аленький цветочек». Он бесполезен для сталкеров... но женщинам он так сильно нравиться, что любая о таком сувенире может только мечтать. С таким подарком любая тебе отдастся. У меня скоро свидание намечается, и мне позарез нужен этот «Аленький цветочек», только из-за него еще в Зоне и торчу, его недавно тут видели. Артефакт этот похож на волшебный цветок, светится и днем, и ночью. Достань мне артефакт, я тебя отблагодарю!","additional","stalker","6000","ammo_5.56x45_gd:ammo_5.56x45_gd:ammo_5.56x45_gd:repair_arms_box"
204,"red_bring_compass","Принести «Компас» Леснику","С помощью «Компаса» Лесник несколько дней назад смог выбраться из «Пузыря». Теперь этот артефакт должен помочь вывести отряд наёмников из такой же аномалии. Нужно принести Компас Леснику.","storyline","","",""
205,"esc_recover_item_1","Принести «волшебную водку»","Жил у нас тут в Зоне химик один. Не то, чтобы в Зоне химией занимался или алхимией какой, но «волшебную водку» готовил на ура. Словно целебный напиток... Выпьешь и сразу забываешь про всё: про Зону, про мутантов, про аномалии. Тебе уже ничего не страшно, и все равно кто ты и что с тобой, вставляет как никогда. За эту водку такие цены набивали, мама не горюй. До того дошли, что химика решили отравить толи из-за зависти, толи из-за жадности. Не себе, не людям, как говорится. Отравили, нет больше нашего химика, и водку такую никто не знает как делать... Но мне рассказали, что у химика было несколько тайников, в разных местах. Так вот, я про один его тайник узнал, принеси мне из него этой волшебной водочки хоть одну бутылку, а я наградой не обижу.","additional","stalker","200","wild_drink:wild_drink:wild_drink"
206,"gar_quest_get_weapons","Принести Авоське две тысячи","Принести Авоське две тысячи для покупки партии контрабандного оружия","additional","","",""
207,"agr_additional_quest_5b","Принести КПК","Принести КПК","additional","","","wpn_addon_grenade_launcher:flesh_up_abcd_pkm"
208,"val_go_to_freedom_leader","Принести КПК Чехову","КПК одного из погибших «свободовцев» на блокпосте содержит запись разговра между нападавшими. Эта запись поможет разобраться, кто стоит за нападениями на «Свободу». Принести КПК Чехову.","storyline","","",""
209,"red_forest_stalker_bring_map","Принести КПК с картой Рыжего леса","Принести КПК с картой Рыжего леса","additional","","1000",""
210,"red_recover_item_1","Принести КПК с картой Рыжего леса","Наемник, мы бы могли использовать твою помощь. Нам нужна точная карта Рыжего леса, я слышал, что несколько отрядов сталкеров пытались его исследовать, но большинство из них сгинули. Найди оставшиеся записи и принеси их мне.","additional","","1500","wpn_silencer_11.43x23"
211,"gar_quest_bring_money","Принести Напру две тысячи, когда стемнеет","Купить у Дикого Напра на барахолке медкомплект за две тысячи. Столь крупные сделки на барахолке происходят только ночью, после наступления темноты.","additional","","",""
212,"gar_quest_bring_old_pda","Принести Напру старый КПК","Принести Дикому Напру на барахолку старый КПК, найденный под ложным дном ящика с инструментами в уничтоженном лагере Свежака.","additional","","",""
213,"agr_recover_item_4","Принести автомат долговца","Я по пустяку поругался с проводником, который не желает меня вести к сталкерам. Говорит, что со мной общаться больше не хочет. А одному идти по Зоне - себе дороже. У сталкеров я оставил свой ствол, когда ходил к ним на прошлой неделе. Мы праздновали новое звание нашего товарища, ну выпили немного, как же без этого. И в тот вечер дошли до казармы еле-еле, меня приволокли, а про автомат мой забыли. Наёмник, принеси мне мой ствол, а то я без своего оружия и не солдат как-то вроде.","additional","dolg","1000","ammo_5.56x45_gd:ammo_5.56x45_gd:repair_outfit_box"
214,"gar_recover_item_3","Принести бутылку водки «Казаки»","Корешь, будь другом, принеси водяры, только не это палево, что все хлещут. Я пару пузырей нормального бухла спрятал, я бы и сам сходил, но не могу сейчас, занят. Да, и корешам не свети место, где бухло лежит, а с меня причитается.","additional","bandit","200","bio_bandage:antirad"
215,"mar_bring_item_1","Принести гранаты","Отряд «Чистого неба» попросил принести гранаты","additional","csky","{~50} 1000,{~50} 1500,500",""
216,"agr_bring_item_1","Принести гранаты","Отряд «Чистого неба» попросил принести гранаты","additional","dolg","{~50} 750,{~50},1000,500",""
217,"agr_bring_item_6","Принести гранаты","Отряд «Чистого неба» попросил принести гранаты","additional","stalker","{~50} 750,{~50},1000,500",""
218,"val_night_bloodsucker_reward","Принести деталь технику","Принести деталь технику","additional","","2500","skill_book_sig220"
219,"gar_recover_item_5","Принести именной пистолет","Да, ты можешь помочь. У меня был пистолет, вроде ничего приметного, но именное оружие, от дедушки достался. Я его в одной стычке потерял... ну, по пьяни решили бандитов ночью попугать. Как стемнело, подкрались к лагерю, который мы ещё днем заприметили, и начали на все голоса монстров изображать. Только оказалось, что бандюков там уже и не было, а выбежало на нас два кровососа. Я ноги еле унёс, а пистолет там оставил.","additional","stalker","750","wpn_l85:ammo_5.56x45_ss190"
220,"agr_additional_quest_6b","Принести карту миграции","Принести карту миграции Инквизитору","additional","","",""
221,"mar_bring_item_2","Принести медикаменты","Отряд «Чистого неба» ощущает острую нехватку медикаментов","additional","csky","{~50} 1000,{~50} 1500,500",""
222,"agr_bring_item_2","Принести медикаменты","Отряд «Чистого неба» ощущает острую нехватку медикаментов","additional","dolg","{~50} 750,{~50},1000,500",""
223,"agr_bring_item_7","Принести медикаменты","Отряд «Чистого неба» ощущает острую нехватку медикаментов","additional","stalker","{~50} 750,{~50},1000,500",""
224,"mar_bring_item_3","Принести патроны","Отряду «Чистого неба» нужны патроны для дробовика","additional","csky","{~50} 1000,{~50} 1500,500",""
225,"mar_bring_item_4","Принести патроны","Отряду «Чистого неба» нужны пистолетные патроны","additional","csky","{~50} 1000,{~50} 1500,500",""
226,"mar_bring_item_5","Принести патроны","Отряду «Чистого неба» нужны автоматные патроны","additional","csky","{~50} 1000,{~50} 1500,500",""
227,"agr_bring_item_3","Принести патроны","Отряду «Чистого неба» нужны патроны для дробовика","additional","dolg","{~50} 750,{~50},1000,500",""
228,"agr_bring_item_4","Принести патроны","Отряду «Чистого неба» нужны пистолетные патроны","additional","dolg","{~50} 750,{~50},1000,500",""
229,"agr_bring_item_5","Принести патроны","Отряду «Чистого неба» нужны автоматные патроны","additional","dolg","{~50} 750,{~50},1000,500",""
230,"agr_bring_item_8","Принести патроны","Отряду «Чистого неба» нужны патроны для дробовика","additional","stalker","{~50} 750,{~50},1000,500",""
231,"agr_bring_item_9","Принести патроны","Отряду «Чистого неба» нужны пистолетные патроны","additional","stalker","{~50} 750,{~50},1000,500",""
232,"agr_bring_item_10","Принести патроны","Отряду «Чистого неба» нужны автоматные патроны","additional","stalker","{~50} 750,{~50},1000,500",""
233,"red_recover_item_2","Принести пулемет из танка","Есть для тебя задачка. Я от Лесника слышал, что в глубине леса стоит старый советский танк, никто не знает, как он туда попал, говорят, что после мощного выброса. Дело в том, что танк целый почти, ну то есть ездить теперь на нем вряд ли можно, а вот пулемет с него снять можно. Ну, а когда пулемет принесешь, наградой не обидим.","additional","","7500","wpn_silencer_5.56x45:repair_outfit_box"
234,"esc_recover_item","Принести спецаптечку","Наёмник, недавно от бандитов на Свалке убежал мой старый приятель. Эти сволочи, забавы ради, гоняли его между аномалиями по насыпи, где радиация зашкаливает. Сейчас он еле двигатется, обычный антирад ему не помогает, тут нужно что-то посильнее. Я слышал у военных есть специальные аптечки на такой случай, если сможешь достать такую аптечку, то с нас причитается.","additional","stalker","2500","{~50} wpn_silencer_9x19"
235,"esc_recover_item_2","Принести трофейный АКМ-47/2","Знаешь я коллекционер, собираю редкие стволы. У меня экспонатов - уже на целый музей. Как говорится, с мира по нитке. Но нет у меня одной диковины - трофейного АКМ-47/2. Этот «калаш» - не просто хорошее оружие, оно ценее всякого, из него убивали таких мутантов, котрых ты никогда и не видел. Я слышал, что сталкер, владелец этой диковины, был не просто отличным стрелком, он был легендой Зоны, он мог выбраться из любой ситуации, из любой аномалии... Про этого сталкера уже давно новостей не слышно, зато я недавно узнал где находится его оружие, оно спрятано в тайном месте, куда не всякий сможет добраться. Наёмник, принеси мне это оружие.","additional","stalker","1200","bio_bandage:bio_bandage:bio_bandage:bio_bandage:bio_bandage"
236,"mil_reach_tower_task","Принять радиосообщение","Водонапорная башня - самая высокая точка в районе военных складов и уровень сигнала там максимальный. Необходимо пондняться на башню и принять сигнал от пропавшей группы наёмников.","storyline","","",""
237,"lim_go_to_canal","Продвигаться к мосту через канал","Огонь противника слишком плотен. Необходимо быстро уходить в сторону моста через канал.","additional","","",""
238,"hosp_task_z3_hold_out","Продержаться до подхода подмоги","Отряд «Чистого неба» уже на подходе. Необходимо продержаться до их подхода.","additional","","",""
239,"hosp_task_sniper_back_rush_2","Пройти на другую сторону зала","Пулемётчик ведет шквальный огонь на нижнем уроне, а снайпер контролирует верхний. Отряд «Чистого неба» может ненадолго отвлечь огонь на себя. Необходимо продвигаться только по команде командира отряда.","additional","","",""
240,"yan_proriv_k_ystanovke","Прорваться на территорию комплекса","Окрестности комплекса кишат зомби. Вместе с группой Левши необходимо пробиться на его территорию. Нужно спешить: уровень пси-излучения может достигнуть критической отметки в любой момент.","storyline","","",""
241,"lim_go_into_limansk","Разведать дорогу через Лиманск","Лебедев приказал разведать дорогу через Лиманск для безопасного прохода основных сил «Чистого неба». В городе идут уличные бои, поэтому продвигаться нужно с осторожностью.","storyline","","",""
242,"gar_story_find_diggers","Распросить диггеров о Клыке","Попытаться узнать место пребывания Клыка от диггеров, к которым, по словам торговца, он пошёл","storyline","","",""
243,"sim_eliminate_path_smart","Расчистить дорогу","Необходимо помочь пробиться отряду союзников","additional","","500",""
244,"sim_eliminate_path_smart_csky","Расчистить дорогу","Необходимо помочь пробиться отряду союзников","additional","csky","{~50} 500,250","{~50} ammo_9x19_pbp:ammo_9x18_pmm,medkit"
245,"sim_eliminate_path_smart_stalker","Расчистить дорогу","Необходимо помочь пробиться отряду союзников","additional","stalker","{~50} 750,500","{~50} ammo_9x19_pbp:ammo_9x19_pbp:ammo_12x76_dart:ammo_12x76_dart,medkit"
246,"sim_eliminate_path_smart_bandit","Расчистить дорогу","Необходимо помочь пробиться отряду союзников","additional","bandit","{~50} 1500,1000","{~50} ammo_11.43x23_hydro:ammo_11.43x23_hydro:ammo_12x76_dart:ammo_12x76_dart:ammo_12x76_dart:ammo_12x76_dart:ammo_12x76_dart,medkit:bandage:bandage:bandage"
247,"sim_eliminate_path_smart_freedom","Расчистить дорогу","Необходимо помочь пробиться отряду союзников","additional","freedom","{~50} 2000,1500","{~50} grenade_f1:ammo_5.45x39_ap,medkit:medkit:bandage:bandage"
248,"sim_eliminate_path_smart_dolg","Расчистить дорогу","Необходимо помочь пробиться отряду союзников","additional","dolg","{~50} 2500,2000","{~50} grenade_f1:ammo_9x39_ap,medkit_army:antirad"
249,"hosp_task_heli","Сбить вертолёт","Сбить военный вертолёт","additional","","",""
250,"val_bring_to_fang","Следовать за сигналом КПК Клыка","Техник «Свободы» взломал частоту КПК Клыка, так что теперь можно отслеживать перемещения его хозяина. Судя по сигналу, Клык находится на Свалке. Необходимо следовать за сигналом.","storyline","","",""
251,"yan_repair_defend","Следовать за сталкером на крышу ангара.","Левша приказал всем занять позиции. Необходимо следовать за сталкером на крышу к своей позиции.","storyline","","",""
252,"esc_additional_quest_4b","Сопроводить брата до Деревни новичков","Сопроводить брата до Деревни новичков","additional","","",""
253,"esc_additional_quest_5b","Сопроводить сталкера","Сопроводить сталкера до Деревни новичков","additional","","",""
254,"esc_additional_quest_4a","Спасти брата из плена","Спасти брата из плена","additional","","",""
255,"sim_hide_from_surge","Спрятаться от выброса","Бежать к ближайшему укрытию и спрятаться от выброса","additional","","",""
256,"test_hide_from_surge","Спрятаться от выброса","Бежать к ближайшему укрытию и спрятаться от выброса","additional","","",""
257,"agr_go_in_hole","Спуститься в подземку НИИ «Агропром»","Необходимо спустится в подземку НИИ «Агропром». Единственная дорога в эти подземелья лежит через нору мутантов.","storyline","","",""
258,"mar_tutorial_kill_boars","Убить кабанов","Уничтожить кабанов, атакующих форпост «Чистого неба»","storyline","","",""
259,"mil_kill_bloodsucker","Убить кровососа","В районе водонапорной башни обитает кровосос. Именно на вышке уровень радиосигнала самый высокий. Необходимо убить кровососа.","additional","","",""
260,"gar_quest_destroy_ambush","Убить предателя","Убить Авоську, заманившего тебя в засаду","additional","","",""
261,"val_eliminate_smart_6_4","Убить псевдо-гиганта","Убить псевдо-гиганта, который досаждает базе «Свободы».","storyline","","500","skill_book_lr300"
262,"gar_story_kill_dogs","Убить слепых псов","Убить слепых псов, которые заперли диггера-посланника в долине","storyline","","",""
263,"hosp_task_kill_sniper","Убить снайпера","С этой позиции снайпер не защищён. Необходимо убить его.","additional","","",""
264,"gar_quest_kill_smuggler","Убрать Контрабандиста и диггеров","Уничтожить Контрабандиста и диггеров, которые хотят купить у него партию оружия","additional","","2000",""
265,"gar_quest_kill_digger_traitor","Убрать человека по кличке Авоська","Убрать некоего Авоську, которого заказал Йога","additional","","1000","wpn_silencer_9x19"
266,"val_check_blockpost","Узнать, что произошло на блокпосте","Судя по всему, случилось очередное нападение на блокпост «Свободы». Необходимо узнать, как именно это произошло и есть ли выжившие.","storyline","","",""
267,"esc_eliminate_smart_military_6_6","Уничтожить бандитов","Уничтожить бандитов на разрушенном хуторе. Это поможет прекратить грабёж сталкеров, которые возвращаются с хабаром на базу.","additional","","",""
268,"red_bridge_cover_allyes2","Уничтожить бандитов","Бандитов слишком много, наёмники не могут опустить мост. Необходимо уничтожить как можно больше бандитов.","storyline","","",""
269,"mil_destroy_all_military","Уничтожить военных","Уничтожить военных на базе","storyline","","",""
270,"esc_eliminate_smart_military_7_11","Уничтожить военных на АТП","Уничтожить отряд военных, замеченный разведчиками в районе АТП. Это основные силы операции по освобождению Халецкого.","storyline","","","skill_book_autocolt"
271,"esc_eliminate_smart_military_5_9","Уничтожить военных на элеваторе","Уничтожить группу военных, замеченную разведчиками на элеваторе","storyline","","",""
272,"red_pursuit_destroy_ambush","Уничтожить засаду","Стрелка прикрывает отряд сталкеров. Уничтожить их засаду.","additional","","",""
273,"lim_destroy_ambush_1","Уничтожить засаду","Уничтожить засаду","additional","","",""
274,"agr_attack_bandits_group_1","Уничтожить лагерь бандитов","Необходимо уничтожить лагерь бандитов в тоннеле. Отсюда бандиты организовывают нападения на лагерь сталкеров.","additional","","2000",""
275,"val_destroy_boar_guard_9_2","Уничтожить логово кабанов","Уничтожить логово кабанов","additional","","1500",""
276,"agr_attack_monster_group","Уничтожить логово мутантов","Пустырь перед базой сталкеров - дикая и опасная территория, кишащая монстрами. Необходимо устроить зачистку логова мутантов.","additional","","2000",""
277,"agru_destroy_monsters_task","Уничтожить мутантов","Уничтожить мутантов, которые создают физическое давление на предметы, блокируя проход в комнату управления насосной станцией","storyline","","",""
278,"val_capture_smart_1_1","Уничтожить наёмников","Основная база наёмников обнаружена. Нужно помочь «Свободе» уничтожить наёмников на базе: это позволит пресечь нападения и установить полный контроль над Тёмной долиной.","additional","","2000","skill_book_desert_eagle"
279,"val_bandit_spy_kill","Уничтожить отряд бандитов","Вы обнаружили отряд бандитов в здании заброшенной заправки. Необходимо уничтожить их.","additional","","",""
280,"agr_attack_bandits_group_2","Уничтожить отряд бандитов","Отряд бандитов сторожит один из выходов из подземки и время от времени помогает своим подниматься на поверхность. Необходимо уничтожить его.","additional","","2000",""
281,"gar_quest_liberate_conc_camp","Уничтожить охранников концлагеря бандитов","Вместе с группой диггеров освободить пленников, уничтожив охранников концлагеря бандитов","additional","","",""
282,"sim_eliminate_smart","Уничтожить противника","Уничтожить противника в ключевой точке","additional","","500",""
283,"sim_eliminate_resource_smart","Уничтожить противника","Нужно выбить противника с данной территории: это ослабит его позиции","additional","","500",""
284,"sim_eliminate_smart_csky","Уничтожить противника","Уничтожить противника в ключевой точке","additional","csky","{~50} 500,250","{~50} ammo_9x19_pbp:ammo_9x18_pmm,medkit"
285,"sim_eliminate_resource_smart_csky","Уничтожить противника","Нужно выбить противника с данной территории: это ослабит его позиции","additional","csky","{~50} 500,250","{~50} ammo_9x19_pbp:ammo_9x18_pmm,medkit"
286,"sim_eliminate_smart_stalker","Уничтожить противника","Уничтожить противника в ключевой точке","additional","stalker","{~50} 750,500","{~50} ammo_9x19_pbp:ammo_9x19_pbp:ammo_12x76_dart:ammo_12x76_dart,medkit"
287,"sim_eliminate_resource_smart_stalker","Уничтожить противника","Нужно выбить противника с данной территории: это ослабит его позиции","additional","stalker","{~50} 750,500","{~50} ammo_9x19_pbp:ammo_9x19_pbp:ammo_12x76_dart:ammo_12x76_dart,medkit"
288,"sim_eliminate_smart_bandit","Уничтожить противника","Уничтожить противника в ключевой точке","additional","bandit","{~50} 1500,1000","{~50} ammo_11.43x23_hydro:ammo_11.43x23_hydro:ammo_12x76_dart:ammo_12x76_dart:ammo_12x76_dart:ammo_12x76_dart:ammo_12x76_dart,medkit:bandage:bandage:bandage"
289,"sim_eliminate_resource_smart_bandit","Уничтожить противника","Нужно выбить противника с данной территории: это ослабит его позиции","additional","bandit","{~50} 1500,1000","{~50} ammo_11.43x23_hydro:ammo_11.43x23_hydro:ammo_12x76_dart:ammo_12x76_dart:ammo_12x76_dart:ammo_12x76_dart:ammo_12x76_dart,medkit:bandage:bandage:bandage"
290,"sim_eliminate_smart_freedom","Уничтожить противника","Уничтожить противника в ключевой точке","additional","freedom","{~50} 2000,1500","{~50} grenade_f1:ammo_5.45x39_ap,medkit:medkit:bandage:bandage"
291,"sim_eliminate_resource_smart_freedom","Уничтожить противника","Нужно выбить противника с данной территории: это ослабит его позиции","additional","freedom","{~50} 2000,1500","{~50} grenade_f1:ammo_5.45x39_ap,medkit:medkit:bandage:bandage"
292,"sim_eliminate_smart_dolg","Уничтожить противника","Уничтожить противника в ключевой точке","additional","dolg","{~50} 2500,2000","{~50} grenade_f1:ammo_9x39_ap,medkit_army:antirad"
293,"sim_eliminate_resource_smart_dolg","Уничтожить противника","Нужно выбить противника с данной территории: это ослабит его позиции","additional","dolg","{~50} 2500,2000","{~50} grenade_f1:ammo_9x39_ap,medkit_army:antirad"
294,"sim_capture_enemy_base_stalker","Уничтожить противника","Уничтожить противника в ключевой точке","additional","stalker","10000","scientific_outfit:detector_elite:af_baloon"
295,"sim_capture_enemy_base_bandit","Уничтожить противника","Уничтожить противника в ключевой точке","additional","bandit","30000","wpn_rg-6:ammo_vog-25:ammo_vog-25:ammo_vog-25:ammo_vog-25:ammo_vog-25:ammo_vog-25:wpn_g36:ammo_5.56x45_ss190:ammo_5.56x45_ss190:ammo_5.56x45_ss190:ammo_5.56x45_ss190"
296,"sim_capture_enemy_base_freedom","Уничтожить противника","Уничтожить противника в ключевой точке","additional","freedom","15000","svoboda_exo_outfit:wpn_svd:ammo_7.62x54_7h1:ammo_7.62x54_7h1:ammo_7.62x54_7h1:ammo_7.62x54_7h1:wpn_walther_up2:wpn_addon_silencer:ammo_9x19_pbp:ammo_9x19_pbp:ammo_9x19_pbp:ammo_9x19_pbp"
297,"sim_capture_enemy_base_dolg","Уничтожить противника","Уничтожить противника в ключевой точке","additional","dolg","15000","dolg_heavy_outfit:wpn_pkm:ammo_pkm_100:ammo_pkm_100:ammo_pkm_100:ammo_pkm_100:ammo_pkm_100:ammo_pkm_100"
298,"test_eliminate_smart","Уничтожить противника","Уничтожить противника в ключевой точке","additional","","",""
299,"lim_destroy_ambush_2","Уничтожить противника на перекрёстке","Уничтожить засаду на перекрёстке","additional","","",""
300,"lim_destroy_bandit_minigun","Уничтожить пулемётную точку","На перекрёстке идёт настоящий бой. Здание слева удерживают бандиты. Необходимо расчистить путь, уничтожив пулемётную точку в доме.","additional","","",""
301,"lim_electro_fence_sniper","Уничтожить снайпера","Заграждения обесточены. Теперь нужно подойти ближе и уничтожить снайпера.","additional","","",""
302,"red_bridge_kill_sniper","Уничтожить снайперов на холме","Вражеские снайперы ведут огонь по пульту управления мостом. Необходимо уничтожить снайперов на холме.","storyline","","",""
303,"mar_story_empower_csky","Усилить присутствие «Чистого неба» на Болотах","Укрепить позиции «Чистого неба» на Болотах путём уничтожения сил противника","storyline","","2000","{-mar_story_empower_csky_reward} flesh_up_bd_mp5 %+mar_story_empower_csky_reward%,medkit"
304,"val_bandit_spy","Устранить предполагаемую опасность на заправке.","На заброшенной заправке по ночам видны слабые огни. Необходимо выяснить, что там происходит, и устранить предполагаемую опасность.","additional","","",""
305,"agr_additional_quest_shooting","agr_additional_quest_shooting_name","agr_additional_quest_shooting_text","additional","","",""
306,"agr_destroy_snork_hole","agr_destroy_snork_hole","agr_destroy_snork_hole_text","storyline","","","skill_book_spas12"
307,"agr_eliminate_outpost","agr_eliminate_outpost","agr_eliminate_outpost_text","additional","","",""
308,"agr_go_to_outpost","agr_go_to_outpost","agr_go_to_outpost_text","additional","","",""
309,"agr_hold_north_position","agr_hold_north_position","agr_hold_north_position_text","storyline","","",""
310,"agr_hold_east_position","agr_hold_north_position","agr_hold_north_position_text","storyline","","8000","skill_book_groza:skill_book_ak78"
311,"agr_kill_wild_giant","agr_kill_wild_giant","agr_kill_wild_giant_text","additional","","1000","af_eye:skill_book_vintorez"
312,"agr_occupy_east_position","agr_occupy_east_position","agr_occupy_east_position_text","storyline","","",""
313,"agr_occupy_north_position","agr_occupy_north_position","agr_occupy_north_position_text","storyline","","",""
314,"agr_return_outpost_pda","agr_return_outpost_pda","agr_return_outpost_pda_text","additional","","6000","personal_rukzak:bio_bandage:bio_bandage:wpn_lr300_up2:ammo_5.56x45_gd:ammo_5.56x45_gd:skill_book_spp200"
315,"agr_search_lieutenant_body","agr_search_lieutenant_body","agr_search_lieutenant_body_text","additional","","",""
316,"agr_search_ordinary_body","agr_search_ordinary_body","agr_search_ordinary_body_text","additional","","",""
317,"agr_talk_to_stalker_leader","agr_talk_to_stalker_leader","agr_talk_to_stalker_leader_text","storyline","","",""
318,"esc_bring_item_1","esc_bring_item_1_name","esc_bring_item_1_text","additional","stalker","{~50} 500,{~50},750,500",""
319,"esc_bring_item_2","esc_bring_item_2_name","esc_bring_item_2_text","additional","stalker","{~50} 500,{~50},800,1200",""
320,"esc_bring_item_3","esc_bring_item_3_name","esc_bring_item_3_text","additional","stalker","{~50} 1000,{~50},1500,2000",""
321,"esc_bring_item_4","esc_bring_item_4_name","esc_bring_item_4_text","additional","stalker","{~50} 500,{~50},750,1000",""
322,"esc_bring_item_5","esc_bring_item_5_name","esc_bring_item_5_text","additional","stalker","{~50} 500,{~50},750,1000",""
323,"esc_capture_army_blockpost","esc_capture_army_blockpost","esc_capture_army_blockpost_text","additional","","3000","stalker_outfit:wpn_autocolt:skill_book_abakan:skill_book_ak74u"
324,"esc_kill_blockpost_leader","esc_kill_blockpost_leader","esc_kill_blockpost_leader_text","storyline","","",""
325,"esc_kill_blockpost_talk","esc_kill_blockpost_talk","esc_kill_blockpost_talk_text","storyline","","","skill_book_fort"
326,"esc_shilov_find_rukzak","esc_shilov_find_rukzak","esc_shilov_find_rukzak_text","additional","","",""
327,"esc_shilov_talk_rukzak","esc_shilov_talk_rukzak","esc_shilov_talk_rukzak_text","additional","","2000","medkit:skill_book_commander_pm"
328,"esc_take_equipments","esc_take_equipments","esc_take_equipments_text","additional","","",""
329,"gar_digger_messanger_accompany","gar_digger_messanger_accompany","gar_digger_messanger_accompany_text","additional","","",""
330,"gar_digger_messanger_reward","gar_digger_messanger_reward","gar_digger_messanger_reward_text","additional","","",""
331,"gar_fail_valley_propusk","gar_fail_valley_propusk","gar_fail_valley_propusk_text","storyline","","",""
332,"gar_find_master_outfit","gar_find_master_outfit","gar_find_master_outfit_text","additional","","",""
333,"gar_find_valley_propusk","gar_find_valley_propusk","gar_find_valley_propusk_text","storyline","","",""
334,"gar_get_propusk_having_talk","gar_get_propusk_having_talk","gar_get_propusk_having_talk_text","storyline","","",""
335,"gar_rescue_tunnel_novice","gar_rescue_tunnel_novice","gar_rescue_tunnel_novice_text","additional","","",""
336,"gar_return_tunnel_novice","gar_return_tunnel_novice","gar_return_tunnel_novice_text","additional","","",""
337,"gar_reward_master_outfit","gar_reward_master_outfit","gar_reward_master_outfit_text","additional","","",""
338,"gar_reward_tunnel_novice","gar_reward_tunnel_novice","gar_reward_tunnel_novice_text","additional","","",""
339,"gar_searched_commander_body","gar_searched_commander_body","gar_searched_commander_body_text","storyline","","",""
340,"gar_wild_napr_assistance","gar_wild_napr_assistance","gar_wild_napr_assistance_text","storyline","","","skill_book_ak74"
341,"gar_wild_napr_get_info","gar_wild_napr_get_info","gar_wild_napr_get_info_text","storyline","","",""
342,"gar_wild_napr_talk","gar_wild_napr_talk","gar_wild_napr_talk_text","storyline","","",""
343,"mar_accompany_rescue_home","mar_accompany_rescue_home","mar_accompany_rescue_home_text","additional","","5000","af_dummy_battery:wpn_silencer_5.45x39:skill_book_toz34"
344,"mar_accompany_rescue_island","mar_accompany_rescue_island","mar_accompany_rescue_island_text","additional","","",""
345,"mar_accompany_rescue_meet","mar_accompany_rescue_meet","mar_accompany_rescue_meet_text","additional","","",""
346,"mar_accompany_rescue_talk","mar_accompany_rescue_talk","mar_accompany_rescue_talk_text","additional","","",""
347,"mar_capture_boat_station","mar_capture_boat_station","mar_capture_boat_station_text","additional","","",""
348,"mar_capture_church","mar_capture_church","mar_capture_church_text","storyline","","",""
349,"mar_capture_embankment","mar_capture_embankment","mar_capture_embankment_text","additional","","",""
350,"mar_capture_north_khutor","mar_capture_north_khutor","mar_capture_north_khutor_text","additional","","",""
351,"mar_capture_pumping_station","mar_capture_pumping_station","mar_capture_pumping_station_text","storyline","","",""
352,"mar_capture_watch_tower","mar_capture_watch_tower","mar_capture_watch_tower_text","storyline","","",""
353,"mar_csky_find_baron","mar_csky_find_baron","mar_csky_find_baron_text","additional","","",""
354,"mar_csky_kill_baron","mar_csky_kill_baron","mar_csky_kill_baron_text","additional","","",""
355,"mar_csky_reward_baron","mar_csky_reward_baron","mar_csky_reward_baron_text","additional","","2000","skill_book_pm:skill_book_bm16"
356,"mar_entry_csky_force","mar_entry_csky_force","mar_entry_csky_force_text","storyline","","",""
357,"mar_hold_renagade_base","mar_hold_renagade_base","mar_hold_renagade_base_text","storyline","","",""
358,"mar_last_intensify_reward","mar_last_intensify_reward","mar_last_intensify_reward_text","additional","","4000","cs_heavy_outfit:flesh_up_ac_mp5:medkit_scientic:skill_book_mp5"
359,"mar_meet_csky_force","mar_meet_csky_force","mar_meet_csky_force_text","storyline","","",""
360,"mil_bring_item_10","mil_bring_item_10_name","mil_bring_item_10_text","additional","bandit","500",""
361,"mil_bring_item_11","mil_bring_item_11_name","mil_bring_item_11_text","additional","bandit","{~50} 1000,{~50},2000,1500",""
362,"mil_bring_item_12","mil_bring_item_12_name","mil_bring_item_12_text","additional","bandit","{~50} 500,{~50},1000,750",""
363,"mil_bring_item_1","mil_bring_item_1_name","mil_bring_item_1_text","additional","freedom","{~50} 1500,{~50},2000,1000",""
364,"mil_bring_item_2","mil_bring_item_2_name","mil_bring_item_2_text","additional","freedom","{~50} 1500,{~50},2000,1000",""
365,"mil_bring_item_3","mil_bring_item_3_name","mil_bring_item_3_text","additional","freedom","{~50} 1500,{~50},2000,1000",""
366,"mil_bring_item_4","mil_bring_item_4_name","mil_bring_item_4_text","additional","stalker","1000",""
367,"mil_bring_item_5","mil_bring_item_5_name","mil_bring_item_5_text","additional","stalker","{~50} 750,{~50},1200,1000",""
368,"mil_bring_item_6","mil_bring_item_6_name","mil_bring_item_6_text","additional","stalker","{~50} 1500,{~50},2500,2000",""
369,"mil_bring_item_7","mil_bring_item_7_name","mil_bring_item_7_text","additional","dolg","{~50} 1500,{~50},2500,2000",""
370,"mil_bring_item_8","mil_bring_item_8_name","mil_bring_item_8_text","additional","dolg","{~50} 4000,{~50},5000,4500",""
371,"mil_bring_item_9","mil_bring_item_9_name","mil_bring_item_9_text","additional","dolg","{~50} 3500,{~50},2500,3000",""
372,"mil_hog_find_item","mil_hog_find_item_name","mil_hog_find_item_text","additional","","",""
373,"mil_hog_reward_item","mil_hog_reward_item_name","mil_hog_reward_item_text","additional","","4500","ammo_7.62x54_7h14"
374,"mil_stop_invasion_5_5","mil_stop_invasion_5_5","mil_stop_invasion_5_5_text","storyline","","",""
375,"mil_stop_invasion_5_6","mil_stop_invasion_5_6","mil_stop_invasion_5_6_text","storyline","","",""
376,"test_eliminate_squad","sim_eliminate_squad","sim_eliminate_squad_text","additional","","",""
377,"test_bring_item","test_bring_item_name","test_bring_item_text","additional","","",""
378,"test_find_upgrade","test_find_upgrade_name","test_find_upgrade_text","additional","","",""
379,"test_find_upgrade2","test_find_upgrade_name2","test_find_upgrade_text2","additional","","",""
380,"test_recover_item","test_recover_item_name","test_recover_item_text","additional","","{~50} 1000,2000","wpn_ak74:wpn_groza:ammo_9x18_fmj:ammo_9x18_fmj:ammo_5.45x39_fmj:ammo_5.45x39_fmj"
381,"test_recover_item2","test_recover_item_name2","test_recover_item_text2","additional","","{~50} 1000,2000",""
382,"test_storyline_task2","test_storyline_task2_name","test_storyline_task2_text","storyline","","",""
383,"test_storyline_task3","test_storyline_task3_name","test_storyline_task3_text","storyline","","",""
384,"test_storyline_task","test_storyline_task_name","Подойти к бочке","additional","","",""
385,"test_overlapped_task","test_storyline_task_name","Подойти к бочке","storyline","","",""
386,"val_7_6_deliver_weapons","val_7_6_deliver_weapons","val_7_6_deliver_weapons_text","storyline","","",""
387,"val_bring_ashot_dummy","val_bring_ashot_dummy","val_bring_ashot_dummy_text","additional","","","skill_book_g36"
388,"val_deliver_outpost_equipments","val_deliver_outpost_equipments","val_deliver_outpost_equipments_text","storyline","","",""
389,"val_find_ashot_dummy","val_find_ashot_dummy","val_find_ashot_dummy_text","additional","","",""
390,"val_go_to_outpost","val_go_to_outpost","val_go_to_outpost_text","storyline","","",""
391,"val_join_freedom","val_join_freedom_name","val_join_freedom_text","additional","","",""
392,"val_return_propusk","val_return_propusk","val_return_propusk_text","storyline","","","skill_book_sig550"
393,"val_reward_chief_guard","val_reward_chief_guard","val_reward_chief_guard_text","storyline","","","skill_book_pb"
394,"val_reward_impounded","val_reward_impounded","val_reward_impounded_text","additional","","","skill_book_viper"
395,"val_searched_impounded","val_searched_impounded","val_searched_impounded_text","additional","","",""
396,"val_sos_check_bus","val_sos_check_bus","val_sos_check_bus_text","additional","","",""
397,"val_sos_rescue_bus","val_sos_rescue_bus","val_sos_rescue_bus_text","additional","","",""
398,"val_sos_reward_bus","val_sos_reward_bus","val_sos_reward_bus_text","additional","","","skill_book_l85"
399,"val_sos_searched_bus","val_sos_searched_bus","val_sos_searched_bus_text","additional","","",""
400,"val_speak_about","val_speak_about","val_speak_about_text","storyline","","",""
401,"val_talk_to_chief_guard","val_talk_to_chief_guard","val_talk_to_chief_guard_text","storyline","","",""
402,"val_talk_to_medic","val_talk_to_medic","val_talk_to_medic_text","storyline","","",""
403,"val_talk_to_outpost_leader","val_talk_to_outpost_leader","val_talk_to_outpost_leader_text","storyline","","",""
404,"yan_bring_sample_dnk","yan_bring_sample_dnk","yan_bring_sample_dnk_text","additional","","",""
405,"yan_kill_tunnel_snorks","yan_kill_tunnel_snorks","yan_kill_tunnel_snorks_text","storyline","","",""
406,"yan_reward_sample_dnk","yan_reward_sample_dnk","yan_reward_sample_dnk_text","additional","","4000","skill_book_fn2000"
407,"yan_reward_tunnel_snorks","yan_reward_tunnel_snorks","yan_reward_tunnel_snorks_text","storyline","","2000",""
408,"yan_take_sample_dnk","yan_take_sample_dnk","yan_take_sample_dnk_text","additional","","",""
